concurrency,benchmark_duration_mean,benchmark_duration_std,benchmark_duration_min,benchmark_duration_max,benchmark_duration_cv,e2e_output_token_throughput_mean,e2e_output_token_throughput_std,e2e_output_token_throughput_min,e2e_output_token_throughput_max,e2e_output_token_throughput_cv,http_req_blocked_mean,http_req_blocked_std,http_req_blocked_min,http_req_blocked_max,http_req_blocked_cv,http_req_chunks_received_mean,http_req_chunks_received_std,http_req_chunks_received_min,http_req_chunks_received_max,http_req_chunks_received_cv,http_req_chunks_sent_mean,http_req_chunks_sent_std,http_req_chunks_sent_min,http_req_chunks_sent_max,http_req_chunks_sent_cv,http_req_connecting_mean,http_req_connecting_std,http_req_connecting_min,http_req_connecting_max,http_req_connecting_cv,http_req_connection_overhead_mean,http_req_connection_overhead_std,http_req_connection_overhead_min,http_req_connection_overhead_max,http_req_connection_overhead_cv,http_req_connection_reused_mean,http_req_connection_reused_std,http_req_connection_reused_min,http_req_connection_reused_max,http_req_connection_reused_cv,http_req_data_received_mean,http_req_data_received_std,http_req_data_received_min,http_req_data_received_max,http_req_data_received_cv,http_req_data_sent_mean,http_req_data_sent_std,http_req_data_sent_min,http_req_data_sent_max,http_req_data_sent_cv,http_req_dns_lookup_mean,http_req_dns_lookup_std,http_req_dns_lookup_min,http_req_dns_lookup_max,http_req_dns_lookup_cv,http_req_duration_mean,http_req_duration_std,http_req_duration_min,http_req_duration_max,http_req_duration_cv,http_req_receiving_mean,http_req_receiving_std,http_req_receiving_min,http_req_receiving_max,http_req_receiving_cv,http_req_sending_mean,http_req_sending_std,http_req_sending_min,http_req_sending_max,http_req_sending_cv,http_req_total_mean,http_req_total_std,http_req_total_min,http_req_total_max,http_req_total_cv,http_req_waiting_mean,http_req_waiting_std,http_req_waiting_min,http_req_waiting_max,http_req_waiting_cv,input_sequence_length_mean,input_sequence_length_std,input_sequence_length_min,input_sequence_length_max,input_sequence_length_cv,inter_chunk_latency_mean,inter_chunk_latency_std,inter_chunk_latency_min,inter_chunk_latency_max,inter_chunk_latency_cv,inter_token_latency_mean,inter_token_latency_std,inter_token_latency_min,inter_token_latency_max,inter_token_latency_cv,osl_mismatch_count_mean,osl_mismatch_count_std,osl_mismatch_count_min,osl_mismatch_count_max,osl_mismatch_count_cv,osl_mismatch_diff_pct_mean,osl_mismatch_diff_pct_std,osl_mismatch_diff_pct_min,osl_mismatch_diff_pct_max,osl_mismatch_diff_pct_cv,output_sequence_length_mean,output_sequence_length_std,output_sequence_length_min,output_sequence_length_max,output_sequence_length_cv,output_token_count_mean,output_token_count_std,output_token_count_min,output_token_count_max,output_token_count_cv,output_token_throughput_mean,output_token_throughput_std,output_token_throughput_min,output_token_throughput_max,output_token_throughput_cv,output_token_throughput_per_user_mean,output_token_throughput_per_user_std,output_token_throughput_per_user_min,output_token_throughput_per_user_max,output_token_throughput_per_user_cv,prefill_throughput_per_user_mean,prefill_throughput_per_user_std,prefill_throughput_per_user_min,prefill_throughput_per_user_max,prefill_throughput_per_user_cv,request_count_mean,request_count_std,request_count_min,request_count_max,request_count_cv,request_latency_mean,request_latency_std,request_latency_min,request_latency_max,request_latency_cv,request_throughput_mean,request_throughput_std,request_throughput_min,request_throughput_max,request_throughput_cv,time_to_first_output_token_mean,time_to_first_output_token_std,time_to_first_output_token_min,time_to_first_output_token_max,time_to_first_output_token_cv,time_to_first_token_mean,time_to_first_token_std,time_to_first_token_min,time_to_first_token_max,time_to_first_token_cv,time_to_second_token_mean,time_to_second_token_std,time_to_second_token_min,time_to_second_token_max,time_to_second_token_cv,total_isl_mean,total_isl_std,total_isl_min,total_isl_max,total_isl_cv,total_osl_mean,total_osl_std,total_osl_min,total_osl_max,total_osl_cv,total_output_tokens_mean,total_output_tokens_std,total_output_tokens_min,total_output_tokens_max,total_output_tokens_cv,total_token_throughput_mean,total_token_throughput_std,total_token_throughput_min,total_token_throughput_max,total_token_throughput_cv
1,14.30,0.00,14.30,14.30,0.0000,86.53,0.00,84.60,88.19,0.0000,0.00,0.00,0.00,0.00,0.0000,38.66,0.00,23.00,48.00,0.0000,1.00,0.00,1.00,1.00,0.0000,0.00,0.00,0.00,0.00,0.0000,0.00,0.00,0.00,0.00,0.0000,1.00,0.00,1.00,1.00,0.0000,10.05,0.00,6.18,12.46,0.0000,1.44,0.00,1.17,1.90,0.0000,0.00,0.00,0.00,0.00,0.0000,445.95,0.00,270.94,556.12,0.0000,425.96,0.00,249.24,533.59,0.0000,0.16,0.00,0.10,0.25,0.0000,445.95,0.00,270.94,556.12,0.0000,19.84,0.00,14.34,22.74,0.0000,248.91,0.00,193.00,333.00,0.0000,11.31,0.00,8.74,13.89,0.0000,11.31,0.00,11.26,11.35,0.0000,21.00,0.00,21.00,21.00,0.0000,-20.83,0.00,-54.17,0.00,0.0000,38.00,0.00,22.00,48.00,0.0000,38.00,0.00,22.00,48.00,0.0000,85.03,0.00,85.03,85.03,0.0000,88.41,0.00,88.08,88.83,0.0000,12821.86,0.00,8721.95,18829.41,0.0000,32.00,0.00,32.00,32.00,0.0000,438.51,0.00,259.48,556.17,0.0000,2.24,0.00,2.24,2.24,0.0000,20.06,0.00,14.54,22.89,0.0000,20.06,0.00,14.54,22.89,0.0000,11.09,0.00,10.93,11.26,0.0000,7965.00,0.00,7965.00,7965.00,0.0000,1216.00,0.00,1216.00,1216.00,0.0000,1216.00,0.00,1216.00,1216.00,0.0000,641.96,0.00,641.96,641.96,0.0000
2,7.37,0.00,7.37,7.37,0.0000,85.58,0.00,83.65,87.20,0.0000,0.00,0.00,0.00,0.00,0.0000,39.16,0.00,23.00,48.00,0.0000,1.00,0.00,1.00,1.00,0.0000,0.00,0.00,0.00,0.00,0.0000,0.00,0.00,0.00,0.00,0.0000,1.00,0.00,1.00,1.00,0.0000,10.18,0.00,6.16,12.46,0.0000,1.44,0.00,1.17,1.90,0.0000,0.00,0.00,0.00,0.00,0.0000,456.61,0.00,266.84,556.59,0.0000,425.18,0.00,244.62,524.40,0.0000,0.18,0.00,0.14,0.25,0.0000,456.61,0.00,266.84,556.59,0.0000,31.24,0.00,22.00,32.62,0.0000,248.91,0.00,193.00,333.00,0.0000,11.14,0.00,7.91,14.36,0.0000,11.14,0.00,11.09,11.16,0.0000,21.00,0.00,21.00,21.00,0.0000,-19.79,0.00,-54.17,0.00,0.0000,38.50,0.00,22.00,48.00,0.0000,38.50,0.00,22.00,48.00,0.0000,167.22,0.00,167.22,167.22,0.0000,89.79,0.00,89.57,90.14,0.0000,7975.15,0.00,6033.39,13924.24,0.0000,32.00,0.00,32.00,32.00,0.0000,449.18,0.00,255.31,556.65,0.0000,4.34,0.00,4.34,4.34,0.0000,31.50,0.00,22.28,32.88,0.0000,31.50,0.00,22.28,32.88,0.0000,10.91,0.00,9.88,11.58,0.0000,7965.00,0.00,7965.00,7965.00,0.0000,1232.00,0.00,1232.00,1232.00,0.0000,1232.00,0.00,1232.00,1232.00,0.0000,1248.31,0.00,1248.31,1248.31,0.0000
4,3.66,0.00,3.66,3.66,0.0000,86.75,0.00,85.16,89.05,0.0000,0.00,0.00,0.00,0.00,0.0000,37.94,0.00,24.00,48.00,0.0000,1.00,0.00,1.00,1.00,0.0000,0.00,0.00,0.00,0.00,0.0000,0.00,0.00,0.00,0.00,0.0000,1.00,0.00,1.00,1.00,0.0000,9.87,0.00,6.43,12.46,0.0000,1.44,0.00,1.17,1.90,0.0000,0.00,0.00,0.00,0.00,0.0000,436.28,0.00,274.62,548.16,0.0000,405.72,0.00,251.89,516.53,0.0000,0.20,0.00,0.15,0.39,0.0000,436.28,0.00,274.62,548.16,0.0000,30.36,0.00,22.10,32.55,0.0000,248.91,0.00,193.00,333.00,0.0000,10.98,0.00,8.87,13.19,0.0000,10.98,0.00,10.94,11.07,0.0000,21.00,0.00,21.00,21.00,0.0000,-22.40,0.00,-52.08,0.00,0.0000,37.25,0.00,23.00,48.00,0.0000,37.25,0.00,23.00,48.00,0.0000,325.46,0.00,325.46,325.46,0.0000,91.10,0.00,90.33,91.41,0.0000,8240.93,0.00,6127.82,13638.53,0.0000,32.00,0.00,32.00,32.00,0.0000,428.62,0.00,263.47,548.22,0.0000,8.74,0.00,8.74,8.74,0.0000,30.64,0.00,22.63,32.81,0.0000,30.64,0.00,22.63,32.81,0.0000,10.77,0.00,10.21,11.19,0.0000,7965.00,0.00,7965.00,7965.00,0.0000,1192.00,0.00,1192.00,1192.00,0.0000,1192.00,0.00,1192.00,1192.00,0.0000,2500.19,0.00,2500.19,2500.19,0.0000
8,1.99,0.00,1.99,1.99,0.0000,87.00,0.00,84.43,88.93,0.0000,0.00,0.00,0.00,0.00,0.0000,39.53,0.00,24.00,48.00,0.0000,1.00,0.00,1.00,1.00,0.0000,0.14,0.00,0.00,1.26,0.0000,0.14,0.00,0.00,1.26,0.0000,0.88,0.00,0.00,1.00,0.0000,10.27,0.00,6.41,12.47,0.0000,1.44,0.00,1.17,1.90,0.0000,0.00,0.00,0.00,0.00,0.0000,453.42,0.00,273.98,549.54,0.0000,422.41,0.00,250.66,516.95,0.0000,0.33,0.00,0.13,1.58,0.0000,453.56,0.00,274.98,550.72,0.0000,30.68,0.00,21.99,33.27,0.0000,248.91,0.00,193.00,333.00,0.0000,10.96,0.00,10.09,12.31,0.0000,10.96,0.00,10.88,11.01,0.0000,20.00,0.00,20.00,20.00,0.0000,-18.95,0.00,-52.08,0.00,0.0000,38.91,0.00,23.00,48.00,0.0000,38.91,0.00,23.00,48.00,0.0000,626.04,0.00,626.04,626.04,0.0000,91.26,0.00,90.87,91.89,0.0000,8136.47,0.00,5851.24,13218.43,0.0000,32.00,0.00,32.00,32.00,0.0000,446.53,0.00,262.95,549.70,0.0000,16.09,0.00,16.09,16.09,0.0000,31.09,0.00,23.28,34.86,0.0000,31.09,0.00,23.28,34.86,0.0000,10.81,0.00,10.11,11.82,0.0000,7965.00,0.00,7965.00,7965.00,0.0000,1245.00,0.00,1245.00,1245.00,0.0000,1245.00,0.00,1245.00,1245.00,0.0000,4631.20,0.00,4631.20,4631.20,0.0000
16,1.10,0.00,1.10,1.10,0.0000,83.76,0.00,79.14,86.39,0.0000,0.00,0.00,0.00,0.00,0.0000,39.69,0.00,24.00,48.00,0.0000,1.00,0.00,1.00,1.00,0.0000,0.43,0.00,0.00,1.62,0.0000,0.43,0.00,0.00,1.62,0.0000,0.44,0.00,0.00,1.00,0.0000,10.31,0.00,6.42,12.39,0.0000,1.44,0.00,1.17,1.90,0.0000,0.00,0.00,0.00,0.00,0.0000,471.96,0.00,291.42,578.24,0.0000,433.91,0.00,254.71,532.81,0.0000,0.64,0.00,0.15,1.95,0.0000,472.38,0.00,293.02,578.79,0.0000,37.40,0.00,22.56,46.67,0.0000,248.91,0.00,193.00,333.00,0.0000,11.21,0.00,7.84,15.80,0.0000,11.21,0.00,11.04,11.35,0.0000,22.00,0.00,22.00,22.00,0.0000,-18.82,0.00,-52.08,0.00,0.0000,38.97,0.00,23.00,48.00,0.0000,38.97,0.00,23.00,48.00,0.0000,1133.25,0.00,1133.25,1133.25,0.0000,89.25,0.00,88.12,90.59,0.0000,6743.12,0.00,4377.15,11265.40,0.0000,32.00,0.00,32.00,32.00,0.0000,463.88,0.00,280.28,578.30,0.0000,29.08,0.00,29.08,29.08,0.0000,38.14,0.00,22.81,48.55,0.0000,38.14,0.00,22.81,48.55,0.0000,11.17,0.00,7.84,13.12,0.0000,7965.00,0.00,7965.00,7965.00,0.0000,1247.00,0.00,1247.00,1247.00,0.0000,1247.00,0.00,1247.00,1247.00,0.0000,8371.67,0.00,8371.67,8371.67,0.0000

Best Configurations

Pareto Optimal Points
None

Metadata
Field,Value
Aggregation Type,sweep
Sweep Parameters,concurrency
Number of Combinations,5
Number of Profile Runs,5
Number of Successful Runs,5
